configuration,epoch,optimizer_update,mean_total_training_loss,mean_scene_loss,mean_ip_loss,ip_loss_semantics,ending_learning_rate,validation_retrieval_loss,mean_source_separation_margin,patience,final_selected_checkpoint
cfg_d64 (historical cfg_main),5,380,6.851665384,6.214428853,0.6372365295,weighted,0.0005,2.038114071,0.1029571444,0,false
cfg_d64 (historical cfg_main),10,760,4.759728482,4.676868392,0.08286010196,weighted,0.001,1.327553272,0.1478410363,0,false
cfg_d64 (historical cfg_main),15,1140,3.659227896,3.619551753,0.03967614285,weighted,0.0009982922465,0.9072546959,0.1910260767,0,false
cfg_d64 (historical cfg_main),20,1520,2.962462901,2.929793651,0.0326692473,weighted,0.0009931806517,0.7676503062,0.2108690441,0,false
cfg_d64 (historical cfg_main),25,1900,2.516816509,2.487152262,0.02966424892,weighted,0.000984700133,0.6597738862,0.2271576077,0,false
cfg_d64 (historical cfg_main),30,2280,2.23145718,2.203930508,0.02752666769,weighted,0.0009729086209,0.6058189273,0.2367514968,0,false
cfg_d64 (historical cfg_main),35,2660,2.029272624,2.002797819,0.02647480434,weighted,0.0009578866633,0.5385164022,0.2491336316,0,false
cfg_d64 (historical cfg_main),40,3040,1.887799001,1.862650525,0.02514847673,weighted,0.0009397368756,0.5222173333,0.2545539439,0,false
cfg_d64 (historical cfg_main),45,3420,1.7764056,1.753255786,0.02314981244,weighted,0.0009185832391,0.484598726,0.2608678043,0,false
cfg_d64 (historical cfg_main),50,3800,1.680805643,1.657779386,0.0230262566,weighted,0.0008945702547,0.4925675988,0.2630039155,1,false
cfg_d64 (historical cfg_main),55,4180,1.605722235,1.582861586,0.02286065042,weighted,0.0008678619553,0.4613976181,0.2680692971,0,false
cfg_d64 (historical cfg_main),60,4560,1.545719897,1.523929352,0.02179054635,weighted,0.0008386407858,0.4317200482,0.271818459,0,false
cfg_d64 (historical cfg_main),65,4940,1.482434872,1.461336693,0.02109818244,weighted,0.0008071063563,0.4223223031,0.273532033,0,false
cfg_d64 (historical cfg_main),70,5320,1.430444327,1.409694128,0.02075019679,weighted,0.0007734740791,0.4015067816,0.280148685,0,false
cfg_d64 (historical cfg_main),75,5700,1.386469119,1.366052889,0.02041622941,weighted,0.0007379736965,0.4170785844,0.2792591751,1,false
cfg_d64 (historical cfg_main),80,6080,1.34609906,1.325801417,0.02029764459,weighted,0.0007008477123,0.4024077952,0.2793048322,2,false
cfg_d64 (historical cfg_main),85,6460,1.310536159,1.290944519,0.01959164239,weighted,0.0006623497346,0.3940638304,0.2825833261,0,false
cfg_d64 (historical cfg_main),90,6840,1.279222846,1.259700304,0.01952254249,weighted,0.0006227427436,0.3920083344,0.2838248014,0,false
cfg_d64 (historical cfg_main),95,7220,1.245256859,1.226330991,0.01892586918,weighted,0.0005822972951,0.4041652679,0.2824199796,1,false
cfg_d64 (historical cfg_main),100,7600,1.219383805,1.200501701,0.01888210581,weighted,0.0005412896727,0.3989511728,0.2837756276,2,false
cfg_d64 (historical cfg_main),105,7980,1.193582388,1.174922282,0.01866010416,weighted,0.0005,0.3806893528,0.2876026034,0,true
cfg_d64 (historical cfg_main),110,8360,1.173044253,1.1549057,0.01813855119,weighted,0.0004587103273,0.400524497,0.2836527824,1,false
cfg_d64 (historical cfg_main),115,8740,1.153306125,1.134886043,0.01842007993,weighted,0.0004177027049,0.3957764804,0.2842871547,2,false
cfg_d64 (historical cfg_main),120,9120,1.138316325,1.120408335,0.01790799007,weighted,0.0003772572564,0.3905982077,0.2853094935,3,false
cfg_d64 (historical cfg_main),125,9500,1.117296999,1.099355614,0.01794138662,weighted,0.0003376502654,0.3960058093,0.2850210667,4,false
cfg_d48,5,380,6.902753359,6.183795264,0.7189580955,derived_weighted,0.0005,2.311012983,0.07745796442,0,false
cfg_d48,10,760,4.931987131,4.820925578,0.1110615523,derived_weighted,0.001,1.677389383,0.1142845899,0,false
cfg_d48,15,1140,3.908105924,3.862051814,0.04605410915,derived_weighted,0.0009982922465,1.26898098,0.1437174678,0,false
cfg_d48,20,1520,3.248376288,3.211389877,0.03698641125,derived_weighted,0.0009931806517,1.072668195,0.1629546732,0,false
cfg_d48,25,1900,2.847429918,2.81443005,0.03299986751,derived_weighted,0.000984700133,0.9001287818,0.182269007,0,false
cfg_d48,30,2280,2.578404093,2.548101547,0.0303025459,derived_weighted,0.0009729086209,0.8747909069,0.1873893738,0,false
cfg_d48,35,2660,2.377366556,2.347965133,0.02940142343,derived_weighted,0.0009578866633,0.7776857018,0.1975992322,0,false
cfg_d48,40,3040,2.225771851,2.19771953,0.02805232123,derived_weighted,0.0009397368756,0.7279496789,0.2045740485,0,false
cfg_d48,45,3420,2.102754766,2.07607302,0.02668174568,derived_weighted,0.0009185832391,0.6891576648,0.2115189731,0,false
cfg_d48,50,3800,1.997490583,1.971971616,0.02551896698,derived_weighted,0.0008945702547,0.6849166751,0.211437881,0,false
cfg_d48,55,4180,1.914043183,1.889173598,0.02486958535,derived_weighted,0.0008678619553,0.6631388068,0.2166058123,0,false
cfg_d48,60,4560,1.834671886,1.810307719,0.02436416682,derived_weighted,0.0008386407858,0.6385428905,0.2195238471,0,false
cfg_d48,65,4940,1.763514379,1.739523219,0.02399115939,derived_weighted,0.0008071063563,0.6399623156,0.2203908116,1,false
cfg_d48,70,5320,1.702679338,1.679222055,0.0234572831,derived_weighted,0.0007734740791,0.6328658462,0.2216129303,0,false
cfg_d48,75,5700,1.654923901,1.631853037,0.02307086399,derived_weighted,0.0007379736965,0.6014658213,0.227008462,0,false
cfg_d48,80,6080,1.603265875,1.580512976,0.0227528983,derived_weighted,0.0007008477123,0.5953714848,0.2288372666,0,false
cfg_d48,85,6460,1.565899155,1.543537115,0.02236204053,derived_weighted,0.0006623497346,0.5885448456,0.2310981899,0,false
cfg_d48,90,6840,1.522040193,1.500349763,0.02169042983,derived_weighted,0.0006227427436,0.5859056115,0.2301737219,0,false
cfg_d48,95,7220,1.486336796,1.46486346,0.02147333591,derived_weighted,0.0005822972951,0.5854843855,0.2301930636,0,false
cfg_d48,100,7600,1.454221739,1.433039219,0.02118251982,derived_weighted,0.0005412896727,0.5727306604,0.2345868051,0,false
cfg_d48,105,7980,1.430143748,1.409324922,0.02081882671,derived_weighted,0.0005,0.5629427433,0.2344382852,0,false
cfg_d48,110,8360,1.406358248,1.385556455,0.02080179296,derived_weighted,0.0004587103273,0.5730585456,0.2348367572,1,false
cfg_d48,115,8740,1.386706593,1.365894255,0.02081233734,derived_weighted,0.0004177027049,0.5624440908,0.2345623076,0,false
cfg_d48,120,9120,1.364366642,1.343964069,0.0204025736,derived_weighted,0.0003772572564,0.5596585274,0.2357739508,0,false
cfg_d48,125,9500,1.342777237,1.322483071,0.02029416655,derived_weighted,0.0003376502654,0.5642539263,0.2349743396,1,false
cfg_d48,130,9880,1.324026001,1.303849754,0.02017624661,derived_weighted,0.0002991522877,0.5484582782,0.2382205427,0,true
cfg_d48,135,10260,1.307247714,1.287158833,0.02008888157,derived_weighted,0.0002620263035,0.5545305014,0.2375020832,1,false
cfg_d48,140,10640,1.296299926,1.276414997,0.01988492953,derived_weighted,0.0002265259209,0.5612845421,0.2366741896,2,false
cfg_d48,145,11020,1.286747295,1.267112142,0.01963515219,derived_weighted,0.0001928936437,0.5603138208,0.2372743785,3,false
cfg_d48,150,11400,1.269384916,1.249582388,0.01980252736,derived_weighted,0.0001613592142,0.5574666858,0.2364426255,4,false
cfg_d128,5,380,5.943683929,5.459995385,0.4836885446,derived_weighted,0.0005,1.467469335,0.15864636,0,false
cfg_d128,10,760,3.872437483,3.831153856,0.04128362756,derived_weighted,0.001,0.7171003819,0.232061252,0,false
cfg_d128,15,1140,2.815946217,2.787755242,0.02819097544,derived_weighted,0.0009982922465,0.4171280563,0.2815176845,0,false
cfg_d128,20,1520,2.160148174,2.136524159,0.02362401517,derived_weighted,0.0009931806517,0.2957615256,0.3151455522,0,false
cfg_d128,25,1900,1.805445406,1.783781833,0.02166357229,derived_weighted,0.000984700133,0.2806871831,0.3230354786,0,false
cfg_d128,30,2280,1.584671644,1.564792228,0.01987941579,derived_weighted,0.0009729086209,0.2300852984,0.3420951962,0,false
cfg_d128,35,2660,1.444535952,1.425611218,0.01892473447,derived_weighted,0.0009578866633,0.2190468162,0.3463151455,0,false
cfg_d128,40,3040,1.334862284,1.316865266,0.01799701766,derived_weighted,0.0009397368756,0.1987042278,0.3554130197,0,false
cfg_d128,45,3420,1.251600529,1.234299973,0.01730055558,derived_weighted,0.0009185832391,0.2036346644,0.3550335765,1,false
cfg_d128,50,3800,1.183901529,1.166487479,0.01741404941,derived_weighted,0.0008945702547,0.1920196563,0.3631524742,0,false
cfg_d128,55,4180,1.12752032,1.110808323,0.01671199704,derived_weighted,0.0008678619553,0.188272953,0.3663989604,0,false
cfg_d128,60,4560,1.081017517,1.064773194,0.016244323,derived_weighted,0.0008386407858,0.186022222,0.3651925623,0,false
cfg_d128,65,4940,1.03450131,1.018740239,0.01576107066,derived_weighted,0.0008071063563,0.1821962148,0.3705610931,0,false
cfg_d128,70,5320,0.9975377742,0.9821176832,0.015420091,derived_weighted,0.0007734740791,0.1817289889,0.3699143231,0,false
cfg_d128,75,5700,0.9654128738,0.9502115474,0.01520132642,derived_weighted,0.0007379736965,0.1806139201,0.3713059127,0,false
cfg_d128,80,6080,0.9358567926,0.9209148016,0.014941991,derived_weighted,0.0007008477123,0.1783580035,0.3726287782,0,false
cfg_d128,85,6460,0.9124081618,0.8976243912,0.01478377063,derived_weighted,0.0006623497346,0.1765069515,0.3754689395,0,true
cfg_d128,90,6840,0.886750956,0.8721080019,0.01464295403,derived_weighted,0.0006227427436,0.1784642935,0.3748271167,1,false
cfg_d128,95,7220,0.8671791303,0.8527829269,0.01439620335,derived_weighted,0.0005822972951,0.1773409247,0.3752059042,2,false
cfg_d128,100,7600,0.8486188267,0.8344860384,0.01413278831,derived_weighted,0.0005412896727,0.1811893582,0.3728397489,3,false
cfg_d128,105,7980,0.8326006281,0.8185299615,0.01407066662,derived_weighted,0.0005,0.1782035232,0.3755355179,4,false
cfg_k2,5,380,6.448350358,5.777891701,0.6704586569,derived_weighted,0.0005,1.938539982,0.1025266349,0,false
cfg_k2,10,760,4.432000864,4.354972443,0.07702842072,derived_weighted,0.001,1.203474402,0.1605324,0,false
cfg_k2,15,1140,3.459175515,3.419183598,0.03999191711,derived_weighted,0.0009982922465,0.8279708028,0.2025410086,0,false
cfg_k2,20,1520,2.824802365,2.791068371,0.03373399408,derived_weighted,0.0009931806517,0.721296072,0.2184732258,0,false
cfg_k2,25,1900,2.420109488,2.390235169,0.02987431884,derived_weighted,0.000984700133,0.6123924851,0.2364012152,0,false
cfg_k2,30,2280,2.17292732,2.145290714,0.02763660613,derived_weighted,0.0009729086209,0.5293378234,0.2499995828,0,false
cfg_k2,35,2660,1.986854758,1.960423847,0.02643091114,derived_weighted,0.0009578866633,0.5370236039,0.2532352507,1,false
cfg_k2,40,3040,1.85388996,1.828559113,0.02533084719,derived_weighted,0.0009397368756,0.4935039282,0.2597520351,0,false
cfg_k2,45,3420,1.74165025,1.716702347,0.02494790272,derived_weighted,0.0009185832391,0.4868229926,0.261742413,0,false
cfg_k2,50,3800,1.651142577,1.627532056,0.02361052162,derived_weighted,0.0008945702547,0.4678973258,0.2662826478,0,false
cfg_k2,55,4180,1.581948607,1.55892055,0.02302805656,derived_weighted,0.0008678619553,0.4368824363,0.2731703818,0,false
cfg_k2,60,4560,1.517062721,1.494492035,0.02257068596,derived_weighted,0.0008386407858,0.4391345084,0.2743159831,1,false
cfg_k2,65,4940,1.455697104,1.433377471,0.02231963308,derived_weighted,0.0008071063563,0.4167315662,0.2781397998,0,false
cfg_k2,70,5320,1.404585759,1.382787052,0.02179870731,derived_weighted,0.0007734740791,0.401512444,0.2814110219,0,false
cfg_k2,75,5700,1.363516325,1.342162029,0.02135429633,derived_weighted,0.0007379736965,0.4101785719,0.2810320556,1,false
cfg_k2,80,6080,1.324914688,1.303654578,0.02126010939,derived_weighted,0.0007008477123,0.380626142,0.286324054,0,false
cfg_k2,85,6460,1.288306636,1.267702604,0.02060403196,derived_weighted,0.0006623497346,0.3961651623,0.2835133374,1,false
cfg_k2,90,6840,1.259353082,1.239453891,0.01989919073,derived_weighted,0.0006227427436,0.3956800103,0.2841443717,2,false
cfg_k2,95,7220,1.226738896,1.206770703,0.01996819346,derived_weighted,0.0005822972951,0.3840337098,0.2872301936,3,false
cfg_k2,100,7600,1.198242448,1.17840232,0.01984012848,derived_weighted,0.0005412896727,0.3710234165,0.2891910076,0,false
cfg_k2,105,7980,1.181364719,1.161805742,0.01955897745,derived_weighted,0.0005,0.3890425861,0.286074549,1,false
cfg_k2,110,8360,1.154649126,1.1351829,0.0194662251,derived_weighted,0.0004587103273,0.3644936383,0.2913429141,0,true
cfg_k2,115,8740,1.134980495,1.116005371,0.01897512392,derived_weighted,0.0004177027049,0.3796758354,0.2881956995,1,false
cfg_k2,120,9120,1.116610557,1.097824192,0.01878636448,derived_weighted,0.0003772572564,0.3773694336,0.2891343832,2,false
cfg_k2,125,9500,1.101339031,1.082650462,0.01868856957,derived_weighted,0.0003376502654,0.3833955824,0.2882418036,3,false
cfg_k2,130,9880,1.086297959,1.06764769,0.01865026857,derived_weighted,0.0002991522877,0.3706309497,0.2904111743,4,false
cfg_k4,5,380,6.892595379,6.232301009,0.6602943703,derived_weighted,0.0005,1.965566754,0.1063020006,0,false
cfg_k4,10,760,4.721864114,4.644540609,0.07732350513,derived_weighted,0.001,1.252725482,0.1577894986,0,false
cfg_k4,15,1140,3.564680687,3.525485427,0.03919526025,derived_weighted,0.0009982922465,0.9042175412,0.1947946995,0,false
cfg_k4,20,1520,2.855338954,2.822045673,0.0332932811,derived_weighted,0.0009931806517,0.7306992412,0.2144829929,0,false
cfg_k4,25,1900,2.414367619,2.385240517,0.02912710215,derived_weighted,0.000984700133,0.5900177956,0.234654814,0,false
cfg_k4,30,2280,2.161613595,2.134392731,0.0272208631,derived_weighted,0.0009729086209,0.5393859744,0.2438337505,0,false
cfg_k4,35,2660,1.980322378,1.954090877,0.02623150066,derived_weighted,0.0009578866633,0.5026621819,0.2532666028,0,false
cfg_k4,40,3040,1.842137261,1.817864357,0.02427290427,derived_weighted,0.0009397368756,0.4592744708,0.2604376078,0,false
cfg_k4,45,3420,1.737243625,1.713708932,0.02353469259,derived_weighted,0.0009185832391,0.4332745373,0.2664430141,0,false
cfg_k4,50,3800,1.652703093,1.630161416,0.02254167764,derived_weighted,0.0008945702547,0.417503953,0.2732612491,0,false
cfg_k4,55,4180,1.570493046,1.547692479,0.02280056633,derived_weighted,0.0008678619553,0.4229487181,0.2695508301,1,false
cfg_k4,60,4560,1.510096508,1.488333893,0.0217626145,derived_weighted,0.0008386407858,0.391284138,0.2787966132,0,false
cfg_k4,65,4940,1.449725365,1.428431492,0.02129387291,derived_weighted,0.0008071063563,0.3966109455,0.2770251036,1,false
cfg_k4,70,5320,1.400239685,1.379744018,0.02049566727,derived_weighted,0.0007734740791,0.3813991845,0.2813995481,0,false
cfg_k4,75,5700,1.354774726,1.334391089,0.0203836372,derived_weighted,0.0007379736965,0.3722428083,0.2844555378,0,false
cfg_k4,80,6080,1.321656946,1.30167062,0.01998632519,derived_weighted,0.0007008477123,0.3742762506,0.2842477262,1,false
cfg_k4,85,6460,1.289119479,1.269340484,0.01977899451,derived_weighted,0.0006623497346,0.3701841235,0.2862161696,0,false
cfg_k4,90,6840,1.256441457,1.236991906,0.01944955148,derived_weighted,0.0006227427436,0.3524472415,0.2904851437,0,false
cfg_k4,95,7220,1.226085207,1.207108862,0.01897634487,derived_weighted,0.0005822972951,0.3606905639,0.2893305719,1,false
cfg_k4,100,7600,1.200342123,1.181355966,0.01898615674,derived_weighted,0.0005412896727,0.3520698845,0.2908249199,0,true
cfg_k4,105,7980,1.178217441,1.159402647,0.01881479433,derived_weighted,0.0005,0.360589534,0.2887419462,1,false
cfg_k4,110,8360,1.155493922,1.137023104,0.01847081812,derived_weighted,0.0004587103273,0.3552984595,0.2909988165,2,false
cfg_k4,115,8740,1.138436743,1.120240025,0.01819671738,derived_weighted,0.0004177027049,0.3567847908,0.2904102206,3,false
cfg_k4,120,9120,1.126343161,1.108344579,0.0179985815,derived_weighted,0.0003772572564,0.3583988249,0.2910651565,4,false
cfg_k16,5,380,6.504259967,5.841461871,0.662798096,derived_weighted,0.0005,1.776727557,0.1218035594,0,false
cfg_k16,10,760,4.456773781,4.369672455,0.08710132586,derived_weighted,0.001,1.21470046,0.1648905426,0,false
cfg_k16,15,1140,3.412587043,3.371238302,0.04134874156,derived_weighted,0.0009982922465,0.8866078854,0.2005736679,0,false
cfg_k16,20,1520,2.759252912,2.726052582,0.03320033048,derived_weighted,0.0009931806517,0.7149903178,0.2235508561,0,false
cfg_k16,25,1900,2.367596082,2.337865526,0.02973055526,derived_weighted,0.000984700133,0.5776426792,0.2437073737,0,false
cfg_k16,30,2280,2.120829471,2.093060738,0.027768733,derived_weighted,0.0009729086209,0.5905332565,0.2451741844,1,false
cfg_k16,35,2660,1.936973097,1.910244034,0.02672906236,derived_weighted,0.0009578866633,0.5266640186,0.2544915974,0,false
cfg_k16,40,3040,1.809445158,1.784200134,0.02524502371,derived_weighted,0.0009397368756,0.4921709895,0.2611503303,0,false
cfg_k16,45,3420,1.707807841,1.684006834,0.02380100677,derived_weighted,0.0009185832391,0.4439784586,0.2698001266,0,false
cfg_k16,50,3800,1.626344562,1.602753934,0.02359062747,derived_weighted,0.0008945702547,0.4380012453,0.2737968862,0,false
cfg_k16,55,4180,1.551132532,1.528385863,0.02274666868,derived_weighted,0.0008678619553,0.4311079681,0.2746692002,0,false
cfg_k16,60,4560,1.497700473,1.475331749,0.0223687241,derived_weighted,0.0008386407858,0.4149934649,0.2785753608,0,false
cfg_k16,65,4940,1.434946119,1.413824526,0.02112159227,derived_weighted,0.0008071063563,0.4076849222,0.2809584439,0,false
cfg_k16,70,5320,1.39480213,1.373414017,0.02138811287,derived_weighted,0.0007734740791,0.415130645,0.2795577347,1,false
cfg_k16,75,5700,1.350064546,1.329480997,0.02058354867,derived_weighted,0.0007379736965,0.3895715475,0.2829481065,0,false
cfg_k16,80,6080,1.320533731,1.300626774,0.01990695784,derived_weighted,0.0007008477123,0.3988686502,0.2825617194,1,false
cfg_k16,85,6460,1.286433824,1.266467929,0.0199658946,derived_weighted,0.0006623497346,0.3840662837,0.2868583202,0,false
cfg_k16,90,6840,1.258887452,1.239094257,0.01979319453,derived_weighted,0.0006227427436,0.3773686886,0.2868089974,0,false
cfg_k16,95,7220,1.228401948,1.209365591,0.01903635703,derived_weighted,0.0005822972951,0.3772826791,0.2881452441,1,true
cfg_k16,100,7600,1.201333981,1.182435766,0.01889821573,derived_weighted,0.0005412896727,0.3872306347,0.287368387,2,false
cfg_k16,105,7980,1.177046584,1.157961982,0.01908460228,derived_weighted,0.0005,0.380168736,0.2865240574,3,false
cfg_k16,110,8360,1.159419197,1.140933541,0.01848565622,derived_weighted,0.0004587103273,0.381359458,0.286709547,4,false
cfg_intensity_05,5,380,6.46262117,5.807008447,0.6556127257,raw,0.0005,1.961016178,0.1064673737,0,false
cfg_intensity_05,10,760,4.549355331,4.466667636,0.08268768512,raw,0.001,1.187961817,0.1622578204,0,false
cfg_intensity_05,15,1140,3.488480003,3.446608257,0.0418717461,raw,0.0009982922465,0.8297126293,0.2041855752,0,false
cfg_intensity_05,20,1520,2.78998789,2.755456212,0.03453168012,raw,0.0009931806517,0.7024211884,0.223191008,0,false
cfg_intensity_05,25,1900,2.361872299,2.330964719,0.03090757955,raw,0.000984700133,0.6310535669,0.2356737256,0,false
cfg_intensity_05,30,2280,2.096488263,2.067822477,0.028665785,raw,0.0009729086209,0.5664513111,0.2461559623,0,false
cfg_intensity_05,35,2660,1.913586154,1.886512181,0.02707397123,raw,0.0009578866633,0.5058150291,0.2565804124,0,false
cfg_intensity_05,40,3040,1.788028279,1.762442169,0.02558611034,raw,0.0009397368756,0.4803610742,0.2622898221,0,false
cfg_intensity_05,45,3420,1.683570372,1.659126663,0.02444370821,raw,0.0009185832391,0.432970047,0.2701063156,0,false
cfg_intensity_05,50,3800,1.597070004,1.573203421,0.02386658517,raw,0.0008945702547,0.4295399189,0.2728077769,0,false
cfg_intensity_05,55,4180,1.534980437,1.511705305,0.02327513559,raw,0.0008678619553,0.3965222836,0.2791395485,0,false
cfg_intensity_05,60,4560,1.468222005,1.444853398,0.0233686044,raw,0.0008386407858,0.3951217234,0.2824351788,0,false
cfg_intensity_05,65,4940,1.419534433,1.396985731,0.02254870029,raw,0.0008071063563,0.3665049076,0.2855558693,0,false
cfg_intensity_05,70,5320,1.371597956,1.349654264,0.02194368896,raw,0.0007734740791,0.3874616325,0.2811928391,1,false
cfg_intensity_05,75,5700,1.338367991,1.317088769,0.02127922366,raw,0.0007379736965,0.3771957755,0.2853105962,2,false
cfg_intensity_05,80,6080,1.29782255,1.276920163,0.02090238448,raw,0.0007008477123,0.3610779047,0.2898331583,0,false
cfg_intensity_05,85,6460,1.264246716,1.243542906,0.02070380959,raw,0.0006623497346,0.3506067395,0.2927570939,0,false
cfg_intensity_05,90,6840,1.232864592,1.21228041,0.02058418125,raw,0.0006227427436,0.3499675095,0.2917855382,0,false
cfg_intensity_05,95,7220,1.210937522,1.190673325,0.02026419831,raw,0.0005822972951,0.3468101621,0.2931908071,0,false
cfg_intensity_05,100,7600,1.184304388,1.16417826,0.02012613188,raw,0.0005412896727,0.3379923701,0.2956646681,0,false
cfg_intensity_05,105,7980,1.166418125,1.146678581,0.01973954782,raw,0.0005,0.341463089,0.2934025526,1,false
cfg_intensity_05,110,8360,1.144233467,1.124618398,0.01961507127,raw,0.0004587103273,0.3371403217,0.2963069081,0,false
cfg_intensity_05,115,8740,1.125140543,1.105986482,0.01915406301,raw,0.0004177027049,0.3344031274,0.2976343632,0,false
cfg_intensity_05,120,9120,1.106609189,1.087421478,0.01918770987,raw,0.0003772572564,0.3416556418,0.2957266569,1,false
cfg_intensity_05,125,9500,1.09347614,1.074579629,0.01889650867,raw,0.0003376502654,0.3291490674,0.2980139554,0,false
cfg_intensity_05,130,9880,1.079640074,1.060649029,0.01899104582,raw,0.0002991522877,0.3280217648,0.2989702225,0,false
cfg_intensity_05,135,10260,1.068241888,1.049364111,0.01887777402,raw,0.0002620263035,0.326477468,0.2986705303,0,false
cfg_intensity_05,140,10640,1.058348866,1.039997295,0.01835157174,raw,0.0002265259209,0.3258300722,0.2991167009,0,false
cfg_intensity_05,145,11020,1.050035476,1.031537809,0.01849766622,raw,0.0001928936437,0.3268478811,0.298710525,1,false
cfg_intensity_05,150,11400,1.040271952,1.021715437,0.01855651746,raw,0.0001613592142,0.3253961504,0.2992818654,0,false
cfg_intensity_05,155,11780,1.032326381,1.013979992,0.01834638694,raw,0.0001321380447,0.3240891695,0.3001768589,0,false
cfg_intensity_05,160,12160,1.023907357,1.00560376,0.01830359672,raw,0.0001054297453,0.3233415484,0.2999751866,0,true
cfg_intensity_05,165,12540,1.014332347,0.9963187658,0.01801358068,raw,8.141676087e-05,0.3255859315,0.3000913262,1,false
cfg_intensity_05,170,12920,1.016580394,0.9984974433,0.01808295157,raw,6.02631244e-05,0.3236454725,0.3005863726,2,false
cfg_intensity_05,175,13300,1.010919213,0.9928120361,0.01810717803,raw,4.211333667e-05,0.324380368,0.3003795743,3,false
cfg_intensity_05,180,13680,1.005260219,0.9871571296,0.01810308905,raw,2.709137915e-05,0.324452281,0.3007258177,4,false
cfg_intensity_20,5,380,6.883213444,6.21184637,0.6713670644,raw,0.0005,2.196593285,0.09086275101,0,false
cfg_intensity_20,10,760,4.791730501,4.709328967,0.08240153056,raw,0.001,1.350823402,0.1456088573,0,false
cfg_intensity_20,15,1140,3.669580227,3.632906998,0.03667323333,raw,0.0009982922465,0.8498205543,0.1921324879,0,false
cfg_intensity_20,20,1520,2.983738316,2.953639937,0.03009838192,raw,0.0009931806517,0.7423114777,0.2125919759,0,false
cfg_intensity_20,25,1900,2.568896211,2.541610183,0.02728602681,raw,0.000984700133,0.6239972711,0.2296407074,0,false
cfg_intensity_20,30,2280,2.304479473,2.279464597,0.0250148732,raw,0.0009729086209,0.5779951215,0.2366918176,0,false
cfg_intensity_20,35,2660,2.111583202,2.087552123,0.02403108004,raw,0.0009578866633,0.5592969656,0.2459811717,0,false
cfg_intensity_20,40,3040,1.967330962,1.944556514,0.02277444615,raw,0.0009397368756,0.4756860435,0.256403923,0,false
cfg_intensity_20,45,3420,1.845557016,1.82344992,0.0221070953,raw,0.0009185832391,0.48161304,0.2566138804,1,false
cfg_intensity_20,50,3800,1.757505386,1.736218891,0.02128649606,raw,0.0008945702547,0.4792764783,0.2617822587,2,false
cfg_intensity_20,55,4180,1.680032312,1.659256668,0.02077564479,raw,0.0008678619553,0.4640571475,0.2634797394,0,false
cfg_intensity_20,60,4560,1.611529781,1.591499429,0.02003035419,raw,0.0008386407858,0.4453126192,0.2675468624,0,false
cfg_intensity_20,65,4940,1.540140211,1.520658204,0.01948200886,raw,0.0008071063563,0.4337867498,0.2695323229,0,false
cfg_intensity_20,70,5320,1.495036647,1.475679271,0.01935737479,raw,0.0007734740791,0.4208051562,0.2731133103,0,false
cfg_intensity_20,75,5700,1.446284802,1.427258787,0.01902601342,raw,0.0007379736965,0.418831706,0.2729424536,0,false
cfg_intensity_20,80,6080,1.405525279,1.386531503,0.01899377904,raw,0.0007008477123,0.4109343588,0.2762164474,0,false
cfg_intensity_20,85,6460,1.366770497,1.347831698,0.01893879772,raw,0.0006623497346,0.3953050673,0.2793853283,0,false
cfg_intensity_20,90,6840,1.329259918,1.310914256,0.01834566216,raw,0.0006227427436,0.4172199667,0.2770092785,1,false
cfg_intensity_20,95,7220,1.299773264,1.281814321,0.01795894164,raw,0.0005822972951,0.4081731737,0.277487874,2,false
cfg_intensity_20,100,7600,1.272957101,1.254921275,0.018035824,raw,0.0005412896727,0.3941736519,0.2808478177,0,false
cfg_intensity_20,105,7980,1.247372284,1.229719758,0.01765252757,raw,0.0005,0.3998046815,0.2799630761,1,false
cfg_intensity_20,110,8360,1.222884406,1.205424848,0.01745955688,raw,0.0004587103273,0.3962211907,0.2804268003,2,false
cfg_intensity_20,115,8740,1.201482616,1.184257361,0.01722525514,raw,0.0004177027049,0.4017534554,0.2801092267,3,false
cfg_intensity_20,120,9120,1.180696424,1.163693379,0.01700304496,raw,0.0003772572564,0.3881680965,0.2822466493,0,false
cfg_intensity_20,125,9500,1.161047094,1.143900443,0.01714665102,raw,0.0003376502654,0.3976168931,0.2815231681,1,false
cfg_intensity_20,130,9880,1.143942889,1.126866723,0.01707616844,raw,0.0002991522877,0.3854102194,0.2826813757,0,false
cfg_intensity_20,135,10260,1.135173884,1.118419925,0.01675395857,raw,0.0002620263035,0.3867808878,0.2834474444,1,false
cfg_intensity_20,140,10640,1.118568295,1.102018483,0.01654981082,raw,0.0002265259209,0.3833094537,0.2840979695,0,true
cfg_intensity_20,145,11020,1.101173793,1.084341071,0.01683272028,raw,0.0001928936437,0.3851469457,0.2843879163,1,false
cfg_intensity_20,150,11400,1.094013883,1.077323307,0.01669057452,raw,0.0001613592142,0.3875288367,0.2836358547,2,false
cfg_intensity_20,155,11780,1.082780169,1.066257288,0.01652288156,raw,0.0001321380447,0.3881624937,0.2841159701,3,false
cfg_intensity_20,160,12160,1.076704332,1.060028213,0.0166761193,raw,0.0001054297453,0.3908097446,0.284173578,4,false
cfg_ema_990,5,380,4.616575773,3.934532597,0.6820431821,raw,0.0005,1.278948665,0.1299272478,0,false
cfg_ema_990,10,760,2.524524434,2.443853595,0.08067084145,raw,0.001,0.8611139059,0.1719881296,0,false
cfg_ema_990,15,1140,1.909016996,1.872385879,0.03663111842,raw,0.0009982922465,0.5999522209,0.2074078918,0,false
cfg_ema_990,20,1520,1.579728354,1.549914736,0.02981361542,raw,0.0009931806517,0.5450344086,0.2205016911,0,false
cfg_ema_990,25,1900,1.412137525,1.384055092,0.02808243045,raw,0.000984700133,0.5068134069,0.2308612466,0,false
cfg_ema_990,30,2280,1.322676972,1.297311634,0.02536533792,raw,0.0009729086209,0.4711663425,0.2413177043,0,false
cfg_ema_990,35,2660,1.249246965,1.225355949,0.02389101846,raw,0.0009578866633,0.4589584768,0.2433053553,0,false
cfg_ema_990,40,3040,1.214767988,1.191449866,0.02331812347,raw,0.0009397368756,0.4745590687,0.242835775,1,false
cfg_ema_990,45,3420,1.185433147,1.162795173,0.02263797228,raw,0.0009185832391,0.4609532952,0.2489052266,2,false
cfg_ema_990,50,3800,1.1599442,1.138060364,0.02188383599,raw,0.0008945702547,0.4489240944,0.2509890795,0,true
cfg_ema_990,55,4180,1.145449057,1.124498795,0.02095026229,raw,0.0008678619553,0.4604552984,0.2505233884,1,false
cfg_ema_990,60,4560,1.135664395,1.114934402,0.02072999504,raw,0.0008386407858,0.4503522813,0.2552596033,2,false
cfg_ema_990,65,4940,1.131043351,1.110588604,0.02045474779,raw,0.0008071063563,0.469417423,0.2512077391,3,false
cfg_ema_990,70,5320,1.127440582,1.107109483,0.02033109674,raw,0.0007734740791,0.4547556937,0.2549601495,4,false
cfg_ip_0,5,380,6.337659036,6.337659036,1.375817823,raw,0.0005,2.142513037,0.1088320315,0,false
cfg_ip_0,10,760,4.698133851,4.698133851,1.355774403,raw,0.001,1.42521739,0.1511888206,0,false
cfg_ip_0,15,1140,3.600305301,3.600305301,1.383294697,raw,0.0009982922465,0.9947463274,0.1896538287,0,false
cfg_ip_0,20,1520,2.902563729,2.902563729,1.361473907,raw,0.0009931806517,0.7261163592,0.2232809067,0,false
cfg_ip_0,25,1900,2.47210253,2.47210253,1.366206701,raw,0.000984700133,0.6414338946,0.2361915261,0,false
cfg_ip_0,30,2280,2.189512042,2.189512042,1.369177248,raw,0.0009729086209,0.5798198581,0.2479998767,0,false
cfg_ip_0,35,2660,2.00709646,2.00709646,1.395046516,raw,0.0009578866633,0.5071561337,0.2570835948,0,false
cfg_ip_0,40,3040,1.863930537,1.863930537,1.377699277,raw,0.0009397368756,0.4836285412,0.2647652924,0,false
cfg_ip_0,45,3420,1.747454835,1.747454835,1.382985212,raw,0.0009185832391,0.456246078,0.270531863,0,false
cfg_ip_0,50,3800,1.664499727,1.664499727,1.396388676,raw,0.0008945702547,0.4547666311,0.2730127871,0,false
cfg_ip_0,55,4180,1.588808667,1.588808667,1.40429902,raw,0.0008678619553,0.4474352896,0.2734644413,0,false
cfg_ip_0,60,4560,1.517783119,1.517783119,1.396524182,raw,0.0008386407858,0.4281956553,0.2779108882,0,false
cfg_ip_0,65,4940,1.461909675,1.461909675,1.386397645,raw,0.0008071063563,0.4079431593,0.2834083438,0,false
cfg_ip_0,70,5320,1.41037176,1.41037176,1.386530812,raw,0.0007734740791,0.3997303843,0.2871114612,0,false
cfg_ip_0,75,5700,1.361146186,1.361146186,1.379563198,raw,0.0007379736965,0.3846966922,0.2891278565,0,false
cfg_ip_0,80,6080,1.321821899,1.321821899,1.40546794,raw,0.0007008477123,0.3870984614,0.2879253328,1,false
cfg_ip_0,85,6460,1.289043472,1.289043472,1.39632856,raw,0.0006623497346,0.3888537586,0.2898460329,2,false
cfg_ip_0,90,6840,1.256339784,1.256339784,1.394340905,raw,0.0006227427436,0.3817890584,0.2915056646,0,false
cfg_ip_0,95,7220,1.227540675,1.227540675,1.384780639,raw,0.0005822972951,0.3740556836,0.293296814,0,false
cfg_ip_0,100,7600,1.203111586,1.203111586,1.385452838,raw,0.0005412896727,0.3862000406,0.2910356224,1,false
cfg_ip_0,105,7980,1.176353451,1.176353451,1.390318462,raw,0.0005,0.3677038848,0.2947104573,0,false
cfg_ip_0,110,8360,1.157757039,1.157757039,1.366490978,raw,0.0004587103273,0.3804609179,0.2923822999,1,false
cfg_ip_0,115,8740,1.133814617,1.133814617,1.361677545,raw,0.0004177027049,0.3672296405,0.2956995964,0,true
cfg_ip_0,120,9120,1.117705212,1.117705212,1.381207108,raw,0.0003772572564,0.3746147454,0.2949007154,1,false
cfg_ip_0,125,9500,1.102189023,1.102189023,1.372422529,raw,0.0003376502654,0.3727151752,0.2956283092,2,false
cfg_ip_0,130,9880,1.085452681,1.085452681,1.394117574,raw,0.0002991522877,0.37696293,0.2950229049,3,false
cfg_ip_0,135,10260,1.07226673,1.07226673,1.360029799,raw,0.0002620263035,0.3763515055,0.2964419127,4,false
cfg_lr_2,5,380,6.418421956,5.90421678,0.5142051889,raw,0.001,1.807419538,0.1112328172,0,false
cfg_lr_2,10,760,4.364699211,4.317399015,0.04730019349,raw,0.002,0.9527645707,0.1756328642,0,false
cfg_lr_2,15,1140,3.299069917,3.266294533,0.03277537698,raw,0.001996584493,0.6571661234,0.2157197893,0,false
cfg_lr_2,20,1520,2.682714908,2.653655007,0.02905989973,raw,0.001986361303,0.5294953585,0.236808449,0,false
cfg_lr_2,25,1900,2.33250961,2.306490572,0.02601903032,raw,0.001969400266,0.4819936752,0.2490448952,0,false
cfg_lr_2,30,2280,2.103437945,2.079237813,0.0242001335,raw,0.001945817242,0.4431517422,0.2568286955,0,false
cfg_lr_2,35,2660,1.933525582,1.910682792,0.02284278771,raw,0.001915773327,0.4089254439,0.2637094855,0,false
cfg_lr_2,40,3040,1.806714605,1.78476039,0.02195421239,raw,0.001879473751,0.3993287981,0.2700266242,0,false
cfg_lr_2,45,3420,1.69698674,1.675576103,0.02141063789,raw,0.001837166478,0.3821539283,0.272911042,0,false
cfg_lr_2,50,3800,1.61621051,1.595351898,0.02085861404,raw,0.001789140509,0.3776644468,0.2723961771,0,false
cfg_lr_2,55,4180,1.544920716,1.52457181,0.02034890759,raw,0.001735723911,0.3727950752,0.2752329111,0,false
cfg_lr_2,60,4560,1.48015727,1.460220439,0.01993682833,raw,0.001677281572,0.3589936495,0.2783258855,0,false
cfg_lr_2,65,4940,1.422681956,1.402720842,0.01996111373,raw,0.001614212713,0.3611440361,0.2794650495,1,false
cfg_lr_2,70,5320,1.374937894,1.35575546,0.01918243537,raw,0.001546948158,0.3494285643,0.2824999392,0,false
cfg_lr_2,75,5700,1.332584907,1.313770827,0.01881408018,raw,0.001475947393,0.3448995352,0.2842673659,0,false
cfg_lr_2,80,6080,1.297286081,1.278775364,0.01851071785,raw,0.001401695425,0.3588481247,0.2835392654,1,false
cfg_lr_2,85,6460,1.260567323,1.242578387,0.017988933,raw,0.001324699469,0.3443813026,0.2856522501,0,false
cfg_lr_2,90,6840,1.232378327,1.214400495,0.01797783201,raw,0.001245485487,0.3470212519,0.2852683961,1,false
cfg_lr_2,95,7220,1.205639648,1.188050907,0.01758874454,raw,0.00116459459,0.3546037674,0.2860309482,2,false
cfg_lr_2,100,7600,1.178465857,1.161089507,0.01737634795,raw,0.001082579345,0.3456660211,0.2867615521,3,false
cfg_lr_2,105,7980,1.15064195,1.133321092,0.01732085753,raw,0.001,0.3432392776,0.2889378965,0,true
cfg_lr_2,110,8360,1.13613391,1.119252147,0.01688176499,raw,0.0009174206545,0.3477885425,0.2882044017,1,false
cfg_lr_2,115,8740,1.112727748,1.09582336,0.01690438731,raw,0.0008354054097,0.3472467363,0.2886946797,2,false
cfg_lr_2,120,9120,1.097839573,1.081037028,0.0168025437,raw,0.0007545145129,0.3482458591,0.2878934443,3,false
cfg_lr_2,125,9500,1.083196628,1.066523591,0.01667303838,raw,0.0006753005308,0.3438609838,0.2897363901,4,false
cfg_lr_3,5,380,6.013410296,5.578779305,0.4346309986,raw,0.0015,1.426351786,0.1283903271,0,false
cfg_lr_3,10,760,4.168869309,4.126629482,0.04223983054,raw,0.003,0.8222945929,0.1879496127,0,false
cfg_lr_3,15,1140,3.14965903,3.117710381,0.03194864835,raw,0.00299487674,0.5755079389,0.2249828279,0,false
cfg_lr_3,20,1520,2.561864195,2.534851707,0.0270124889,raw,0.002979541955,0.4937849045,0.2442528605,0,false
cfg_lr_3,25,1900,2.253356454,2.228407313,0.02494913712,raw,0.002954100399,0.4440654516,0.2525000274,0,false
cfg_lr_3,30,2280,2.051119015,2.027999562,0.02311945018,raw,0.002918725863,0.422419697,0.2618935704,0,false
cfg_lr_3,35,2660,1.898916965,1.876125989,0.0227909775,raw,0.00287365999,0.3759697378,0.2720312476,0,false
cfg_lr_3,40,3040,1.782593753,1.760728979,0.02186476917,raw,0.002819210627,0.3669081032,0.2736501992,0,false
cfg_lr_3,45,3420,1.68369131,1.662874021,0.02081728677,raw,0.002755749717,0.360717535,0.2762522101,0,false
cfg_lr_3,50,3800,1.596896147,1.576507606,0.02038854141,raw,0.002683710764,0.3677892685,0.2761517465,1,false
cfg_lr_3,55,4180,1.530740734,1.511026848,0.01971388728,raw,0.002603585866,0.359687984,0.2814078331,0,false
cfg_lr_3,60,4560,1.466297466,1.44691554,0.01938192345,raw,0.002515922357,0.350110203,0.2804408073,0,false
cfg_lr_3,65,4940,1.413396276,1.394877911,0.01851836621,raw,0.002421319069,0.359262079,0.2815787792,1,false
cfg_lr_3,70,5320,1.374124292,1.355555149,0.01856914421,raw,0.002320422237,0.3514688909,0.282386601,2,false
cfg_lr_3,75,5700,1.319723003,1.301566341,0.01815666155,raw,0.00221392109,0.3601553738,0.280798465,3,false
cfg_lr_3,80,6080,1.284790933,1.26689541,0.0178955212,raw,0.002102543137,0.3419908583,0.2853881717,0,false
cfg_lr_3,85,6460,1.251031261,1.233462723,0.01756853722,raw,0.001987049204,0.3472306728,0.2840830386,1,false
cfg_lr_3,90,6840,1.223331599,1.205816997,0.01751460229,raw,0.001868228231,0.3450755775,0.2852488458,2,false
cfg_lr_3,95,7220,1.197874774,1.180792699,0.0170820734,raw,0.001746891885,0.33980003,0.2880838513,0,false
cfg_lr_3,100,7600,1.172770908,1.155772273,0.01699863331,raw,0.001623869018,0.3383195102,0.2880096138,0,false
cfg_lr_3,105,7980,1.147847833,1.131243929,0.01660390499,raw,0.0015,0.3396419883,0.2875046432,1,false
cfg_lr_3,110,8360,1.128446356,1.111763448,0.01668290562,raw,0.001376130982,0.3318019807,0.289395839,0,true
cfg_lr_3,115,8740,1.115359174,1.098694918,0.01666425404,raw,0.001253108115,0.3468103707,0.2858249247,1,false
cfg_lr_3,120,9120,1.094199403,1.077764348,0.01643505327,raw,0.001131771769,0.3425739706,0.28759408,2,false
cfg_lr_3,125,9500,1.083442592,1.067264834,0.01617775658,raw,0.001012950796,0.3433100879,0.2879277468,3,false
cfg_lr_3,130,9880,1.071481763,1.055359447,0.01612231591,raw,0.000897456863,0.3426384628,0.2889673114,4,false
cfg_lr_10,5,380,5.799704135,5.534671719,0.2650324099,raw,0.005,1.351620197,0.1239102483,0,false
cfg_lr_10,10,760,3.91482648,3.876288398,0.03853808846,raw,0.01,0.8023992181,0.1802845597,0,false
cfg_lr_10,15,1140,3.231349024,3.197650883,0.03369814314,raw,0.009982922465,0.6739940047,0.1954886615,0,false
cfg_lr_10,20,1520,2.831690266,2.796942928,0.03474733505,raw,0.009931806517,0.5826702714,0.2100836188,0,false
cfg_lr_10,25,1900,2.519521897,2.487054344,0.03246755388,raw,0.00984700133,0.5451068282,0.2178792953,0,false
cfg_lr_10,30,2280,2.279825775,2.252387037,0.02743874157,raw,0.009729086209,0.5157070756,0.2265819758,0,false
cfg_lr_10,35,2660,2.111300473,2.084234838,0.02706564354,raw,0.009578866633,0.5059423447,0.2291457355,0,true
cfg_lr_10,40,3040,2.013701387,1.98748753,0.02621385738,raw,0.009397368756,0.5148961544,0.2279797792,1,false
cfg_lr_10,45,3420,1.918033892,1.892388178,0.02564571536,raw,0.009185832391,0.5154473782,0.2300166488,2,false
cfg_lr_10,50,3800,1.84316833,1.818267528,0.02490080409,raw,0.008945702547,0.5351154208,0.2268164456,3,false
cfg_lr_10,55,4180,1.769442412,1.744851295,0.02459111447,raw,0.008678619553,0.5166483521,0.2312564105,4,false
