model_id,configuration_id,model_role,source_artifact_id,source_payload_path,source_payload_sha256,p9_authority_id,run_id,source_run_id,run_bundle_id,p9_acceptance_id,checkpoint_id,selected_payload_path,selected_payload_sha256,selected_epoch,selected_update,stop_epoch,stop_update,stop_reason,terminal_checkpoint_id,p10_evaluated,p10_status,effective_config_json,attention_heads,checkpoint_selector,d,d_c,d_r,d_t,dropout,effective_k,ema,ffn_dimension,ffn_multiplier,intensity,lambda_ip,optimizer,peak_learning_rate,per_head_dimension,scheduler,validation_interval_epochs,validation_patience_events,architecture,changed_factor,transformation_contract_json,validation_count,training_update_count,training_start,training_end,training_duration_seconds,duration_semantics,recorded_update_wall_seconds_sum,early_stopping,selected_learning_rate,selected_training_total_loss,selected_training_scene_loss,selected_training_ip_loss_raw,selected_training_ip_loss_weighted,selected_gradient_norm,selected_queue_count,selected_queue_pointer,selected_update_wall_seconds,terminal_learning_rate,terminal_training_total_loss,terminal_training_scene_loss,terminal_training_ip_loss_raw,terminal_training_ip_loss_weighted,terminal_gradient_norm,terminal_queue_count,terminal_queue_pointer,terminal_update_wall_seconds,selected_validation_retrieval_loss,selected_validation_margin,selected_validation_mrr,selected_validation_hit1,selected_validation_hit5,selected_validation_hit10,selected_validation_query_count,selected_validation_gallery_count,terminal_validation_retrieval_loss,terminal_validation_margin,terminal_validation_mrr,terminal_validation_hit1,terminal_validation_hit5,terminal_validation_hit10,terminal_validation_query_count,terminal_validation_gallery_count,recomputed_selected_epoch,selection_agreement,minimum_recorded_validation_loss,p10_result_path,controller_terminal_time,controller_elapsed_seconds,controller_terminal_state,controller_timing_source
cfg_d48,cfg_d48,P9-A OFAT,p9rb_f71a1da232e6ee98e40f08a3,/mnt/hdd002/dhnyu/fusedata/runtime/p9_v2_training_runs/93d6c8f487e1dee6851cd09734e1592e8787329686aec126fb69bdc80e9f92e0/checkpoints/p9ck_2383d2b02f5fe01b200e5c4c/checkpoint.pt,d9b07d42af88cf187507635a373235dfe84504e83776489f2428347bb4a40735,p9authv2_d3ba1eb1b8204953e4f9292c,p9runv2_79ab1abc43fb8e2ea13b8ce6,p9runv2_79ab1abc43fb8e2ea13b8ce6,p9rb_f71a1da232e6ee98e40f08a3,p9accv2_15d9fb568e794b7efd0cfa8c,p9ck_3704be6c57323160fd0365e9,/mnt/hdd002/dhnyu/fusedata/runtime/p9_v2_training_runs/93d6c8f487e1dee6851cd09734e1592e8787329686aec126fb69bdc80e9f92e0/checkpoints/p9ck_3704be6c57323160fd0365e9/checkpoint.pt,d83fba2d693fcac22998d2d43adecb7d75a39e8d243e6dfcf5a9ff964d2a67e2,130,9880,150,11400,EARLY_STOPPING_PATIENCE,p9ck_2383d2b02f5fe01b200e5c4c,False,P10_NOT_EVALUATED,"{""attention_heads"":4,""checkpoint_selector"":""validation_retrieval_loss_margin_1e-4_earlier_epoch"",""d"":48,""d_c"":48,""d_r"":32,""d_t"":16,""dropout"":0.2,""effective_k"":8,""ema"":0.999,""ffn_dimension"":96,""ffn_multiplier"":2,""intensity"":""main_1.0x"",""lambda_ip"":1,""optimizer"":""AdamW"",""peak_learning_rate"":0.001,""per_head_dimension"":12,""scheduler"":""linear_warmup_then_cosine_zero"",""validation_interval_epochs"":5,""validation_patience_events"":4}",4,validation_retrieval_loss_margin_1e-4_earlier_epoch,48,48,32,16,0.2,8,0.999,96,2,main_1.0x,1.0,AdamW,0.001,12,linear_warmup_then_cosine_zero,5,4,FM architecture; OFAT d,d,{},30,11400,2026-09-01T03:14:37.987401Z,2026-09-01T05:21:59.315081Z,7641.32768,RUN_STARTED_TO_TRAINING_COMPLETED_INCLUDES_VALIDATION,NA_NOT_RECORDED,True,0.00030289687512269705,1.3201382364097394,1.299837578284113,NA_NOT_RECORDED,NA_NOT_RECORDED,1.900984050411927,8192.0,4633.263157894737,NA_NOT_RECORDED,0.00016437550065538347,1.2632059345119877,1.2432738981748883,NA_NOT_RECORDED,NA_NOT_RECORDED,1.722384849661275,8192.0,5333.894736842105,NA_NOT_RECORDED,0.5484582781791687,0.23822054266929626,1.0,1.0,1.0,1.0,800,400,0.5574666857719421,0.23644262552261353,1.0,1.0,1.0,1.0,800,400,130,PASS,0.5484582781791687,P10_NOT_EVALUATED,NA_NOT_RECORDED,NA_NOT_RECORDED,NA_NOT_RECORDED,NA_NOT_RECORDED
cfg_d64,cfg_main,P9-A OFAT,p9rb_78322173dfd691baf67a44a0,/mnt/hdd002/dhnyu/fusedata/models/reduced/formal_training/attempts/p9attempt_a754afd14ac87287afb04029/checkpoints/epoch-125/checkpoint.pt,bd7f2dd5ab2be36f3de43959faaceac2f18b99d9841c578c0fa8221a056a2d34,p9authv2_47f350372bf94162db8f9142,p9runv2_d6ffbd951bc813f78defeacc,p9run_6887930091dd2f2bfedc3c96,p9rb_78322173dfd691baf67a44a0,p9accv2_d93b01ef13c3f26a22287ce7,p9ck_42f7957d2ea998ac9e8ff705,/mnt/hdd002/dhnyu/fusedata/models/reduced/formal_training/attempts/p9attempt_a754afd14ac87287afb04029/checkpoints/epoch-105/checkpoint.pt,fdac720bff12fb25747f69977bc69c5fb28adbc4a73cabd879b1b57c47cc06b6,105,7980,125,9500,LEGACY_EARLY_STOPPING_PATIENCE_RECONSTRUCTED,p9ck_f5eb10cb5744026013f54882,False,P10_NOT_EVALUATED,"{""attention_heads"":4,""checkpoint_selector"":""validation_retrieval_loss_margin_1e-4_earlier_epoch"",""d"":64,""d_c"":64,""d_r"":32,""d_t"":16,""dropout"":0.2,""effective_k"":8,""ema"":0.999,""ffn_dimension"":128,""ffn_multiplier"":2,""intensity"":""main_1.0x"",""lambda_ip"":1.0,""optimizer"":""AdamW"",""peak_learning_rate"":0.001,""per_head_dimension"":16,""scheduler"":""linear_warmup_then_cosine_zero"",""validation_interval_epochs"":5,""validation_patience_events"":4}",4,validation_retrieval_loss_margin_1e-4_earlier_epoch,64,64,32,16,0.2,8,0.999,128,2,main_1.0x,1.0,AdamW,0.001,16,linear_warmup_then_cosine_zero,5,4,FM architecture; OFAT main,main,{},25,9500,2026-08-31T08:11:13.805650+00:00,NA_NOT_RECORDED,NA_NOT_RECORDED,NA_IMPORTED_EVENT_TIMES_ARE_NOT_TRAINING_TIMES,6285.661735569127,True,0.0005040791923749546,1.1887884343925275,1.1703662480178632,NA_NOT_RECORDED,0.01842217881379551,1.5630636466176886,8192.0,3757.4736842105262,0.6570176154215771,0.0003415156880493121,1.1049565437592959,1.0874499035509009,NA_NOT_RECORDED,0.017506644730211088,1.3827920038449137,8192.0,4458.105263157895,0.6636492580199909,0.3806893527507782,0.28760260343551636,NA_NOT_RECORDED,NA_NOT_RECORDED,NA_NOT_RECORDED,NA_NOT_RECORDED,800,400,0.3960058093070984,0.2850210666656494,NA_NOT_RECORDED,NA_NOT_RECORDED,NA_NOT_RECORDED,NA_NOT_RECORDED,800,400,105,PASS,0.3806893527507782,P10_NOT_EVALUATED,2026-08-31T09:57:48.451079+00:00,6394.6454293727875,FAILED_NONRESUMABLE,/mnt/hdd002/dhnyu/fusedata/models/reduced/formal_training/attempts/p9attempt_a754afd14ac87287afb04029/attempt_state.json
cfg_d128,cfg_d128,P9-A selected FM,p9rb_6c37cab1bb861c283f90bd56,/mnt/hdd002/dhnyu/fusedata/runtime/p9_v2_training_runs/bb5069de9e1480a2c78015c228860cefae040b039060f60dafdbc049125beab1/checkpoints/p9ck_d0844e3d2b89e6082c8488cc/checkpoint.pt,608a4a915507a59e8401e5784448b51b0a194b8170270638930320d678ceda6a,p9authv2_8a0d04b815f566e65d65a2c9,p9runv2_ae13c2259e3a73e1dfb209b6,p9runv2_ae13c2259e3a73e1dfb209b6,p9rb_6c37cab1bb861c283f90bd56,p9accv2_a1c00e32a882ddc4b7e2677b,p9ck_56195e9ea3cd45d80cf5e23c,/mnt/hdd002/dhnyu/fusedata/runtime/p9_v2_training_runs/bb5069de9e1480a2c78015c228860cefae040b039060f60dafdbc049125beab1/checkpoints/p9ck_56195e9ea3cd45d80cf5e23c/checkpoint.pt,d54cdb1f963914443fae7634ab724cbc778a0529daca261bafd4c4e23899d6e1,85,6460,105,7980,EARLY_STOPPING_PATIENCE,p9ck_d0844e3d2b89e6082c8488cc,True,EVALUATED,"{""attention_heads"":4,""checkpoint_selector"":""validation_retrieval_loss_margin_1e-4_earlier_epoch"",""d"":128,""d_c"":128,""d_r"":32,""d_t"":16,""dropout"":0.2,""effective_k"":8,""ema"":0.999,""ffn_dimension"":256,""ffn_multiplier"":2,""intensity"":""main_1.0x"",""lambda_ip"":1,""optimizer"":""AdamW"",""peak_learning_rate"":0.001,""per_head_dimension"":32,""scheduler"":""linear_warmup_then_cosine_zero"",""validation_interval_epochs"":5,""validation_patience_events"":4}",4,validation_retrieval_loss_margin_1e-4_earlier_epoch,128,128,32,16,0.2,8,0.999,256,2,main_1.0x,1.0,AdamW,0.001,32,linear_warmup_then_cosine_zero,5,4,"FM: four object modalities, raster branches, heterogeneous relations",d,{},21,7980,2026-09-01T05:59:26.168427Z,2026-09-01T07:35:59.160932Z,5792.992505,RUN_STARTED_TO_TRAINING_COMPLETED_INCLUDES_VALIDATION,NA_NOT_RECORDED,True,0.0006662006529115795,0.9079892070669877,0.8931458788482767,NA_NOT_RECORDED,NA_NOT_RECORDED,0.7780983816636237,8192.0,3056.842105263158,NA_NOT_RECORDED,0.0005040791923749546,0.8291280802927519,0.8149095389403795,NA_NOT_RECORDED,NA_NOT_RECORDED,0.6755934420384859,8192.0,3757.4736842105262,NA_NOT_RECORDED,0.17650695145130157,0.3754689395427704,1.0,1.0,1.0,1.0,800,400,0.1782035231590271,0.3755355179309845,1.0,1.0,1.0,1.0,800,400,85,PASS,0.17650695145130157,/mnt/hdd002/dhnyu/fusedata/models/reduced/p10/canonical/execution_attempts/p10exec_7fee193dac532190c79e02c6/evaluations/cfg_d128/evaluation.json,NA_NOT_RECORDED,NA_NOT_RECORDED,NA_NOT_RECORDED,NA_NOT_RECORDED
cfg_k2,cfg_k2,P9-A OFAT,p9rb_4b67708e7689762261ac6c54,/mnt/hdd002/dhnyu/fusedata/runtime/p9_v2_training_runs/787132e10c1329dcf420bc841205b6fe1b080f8e51bccb7e64179ff0344b16f6/checkpoints/p9ck_735f70076a7145f31747b091/checkpoint.pt,bb1143fbf19523e9f2650d24fb91fde2386cbb9f70712475a8e0eeff72efd81f,p9authv2_68b0eac864204e9c2499715f,p9runv2_b684d7237a1e42f0c9553319,p9runv2_b684d7237a1e42f0c9553319,p9rb_4b67708e7689762261ac6c54,p9accv2_e7c406083c6722a2ccf78920,p9ck_c102332d5bc4513f6293cadb,/mnt/hdd002/dhnyu/fusedata/runtime/p9_v2_training_runs/787132e10c1329dcf420bc841205b6fe1b080f8e51bccb7e64179ff0344b16f6/checkpoints/p9ck_c102332d5bc4513f6293cadb/checkpoint.pt,07eba7204f08af33b091ece2a6534bc0b85f456785d7e5857c8ec879b930636e,110,8360,130,9880,EARLY_STOPPING_PATIENCE,p9ck_735f70076a7145f31747b091,False,P10_NOT_EVALUATED,"{""attention_heads"":4,""checkpoint_selector"":""validation_retrieval_loss_margin_1e-4_earlier_epoch"",""d"":64,""d_c"":64,""d_r"":32,""d_t"":16,""dropout"":0.2,""effective_k"":2,""ema"":0.999,""ffn_dimension"":128,""ffn_multiplier"":2,""intensity"":""main_1.0x"",""lambda_ip"":1,""optimizer"":""AdamW"",""peak_learning_rate"":0.001,""per_head_dimension"":16,""scheduler"":""linear_warmup_then_cosine_zero"",""validation_interval_epochs"":5,""validation_patience_events"":4}",4,validation_retrieval_loss_margin_1e-4_earlier_epoch,64,64,32,16,0.2,2,0.999,128,2,main_1.0x,1.0,AdamW,0.001,16,linear_warmup_then_cosine_zero,5,4,FM architecture; OFAT K,K,{},26,9880,2026-09-01T07:36:29.236576Z,2026-09-01T09:25:02.545601Z,6513.309025,RUN_STARTED_TO_TRAINING_COMPLETED_INCLUDES_VALIDATION,NA_NOT_RECORDED,True,0.00046277743154056353,1.1489971562435752,1.1292555128273212,NA_NOT_RECORDED,NA_NOT_RECORDED,1.5422901809215546,8192.0,3932.6315789473683,NA_NOT_RECORDED,0.00030289687512269705,1.0766862787698444,1.0583599131358297,NA_NOT_RECORDED,NA_NOT_RECORDED,1.4304809758537693,8192.0,4633.263157894737,NA_NOT_RECORDED,0.36449363827705383,0.29134291410446167,1.0,1.0,1.0,1.0,800,400,0.3706309497356415,0.29041117429733276,1.0,1.0,1.0,1.0,800,400,110,PASS,0.36449363827705383,P10_NOT_EVALUATED,NA_NOT_RECORDED,NA_NOT_RECORDED,NA_NOT_RECORDED,NA_NOT_RECORDED
cfg_k4,cfg_k4,P9-A OFAT,p9rb_810a3d8f19d9056de6ce177d,/mnt/hdd002/dhnyu/fusedata/runtime/p9_v2_training_runs/bcf4ab0555dec33ac8f4d5774256a65a05b9f882941b40f49d599dfb6743b7c2/checkpoints/p9ck_8754ddec9ebabc2acdaf5612/checkpoint.pt,a4f0bc5a1bff6ca3ce9b2ef5e76b34bcd478713513048f592cc9e0a84558d417,p9authv2_aec9098a66038d741dcea054,p9runv2_7d2f4e3c093f9a757e0c613b,p9runv2_7d2f4e3c093f9a757e0c613b,p9rb_810a3d8f19d9056de6ce177d,p9accv2_e5195740f5411f57271ba080,p9ck_dcf5f947b5830925d3ba6096,/mnt/hdd002/dhnyu/fusedata/runtime/p9_v2_training_runs/bcf4ab0555dec33ac8f4d5774256a65a05b9f882941b40f49d599dfb6743b7c2/checkpoints/p9ck_dcf5f947b5830925d3ba6096/checkpoint.pt,07a5ac83596d87cbde58eddc89ae360172e83a00cfe5bec9952c284981ee94cb,100,7600,120,9120,EARLY_STOPPING_PATIENCE,p9ck_8754ddec9ebabc2acdaf5612,False,P10_NOT_EVALUATED,"{""attention_heads"":4,""checkpoint_selector"":""validation_retrieval_loss_margin_1e-4_earlier_epoch"",""d"":64,""d_c"":64,""d_r"":32,""d_t"":16,""dropout"":0.2,""effective_k"":4,""ema"":0.999,""ffn_dimension"":128,""ffn_multiplier"":2,""intensity"":""main_1.0x"",""lambda_ip"":1,""optimizer"":""AdamW"",""peak_learning_rate"":0.001,""per_head_dimension"":16,""scheduler"":""linear_warmup_then_cosine_zero"",""validation_interval_epochs"":5,""validation_patience_events"":4}",4,validation_retrieval_loss_margin_1e-4_earlier_epoch,64,64,32,16,0.2,4,0.999,128,2,main_1.0x,1.0,AdamW,0.001,16,linear_warmup_then_cosine_zero,5,4,FM architecture; OFAT K,K,{},24,9120,2026-09-01T09:25:28.492301Z,2026-09-01T11:07:53.675136Z,6145.182835,RUN_STARTED_TO_TRAINING_COMPLETED_INCLUDES_VALIDATION,NA_NOT_RECORDED,True,0.0005453530881891778,1.1810180576224076,1.1622492812181775,NA_NOT_RECORDED,NA_NOT_RECORDED,1.603767128367173,8192.0,3582.315789473684,NA_NOT_RECORDED,0.00038121710952752864,1.1224848628044128,1.1047535413189937,NA_NOT_RECORDED,NA_NOT_RECORDED,1.441370449568096,8192.0,4282.9473684210525,NA_NOT_RECORDED,0.3520698845386505,0.29082491993904114,0.9993749856948853,0.9987499713897705,1.0,1.0,800,400,0.35839882493019104,0.29106515645980835,1.0,1.0,1.0,1.0,800,400,100,PASS,0.3520698845386505,P10_NOT_EVALUATED,NA_NOT_RECORDED,NA_NOT_RECORDED,NA_NOT_RECORDED,NA_NOT_RECORDED
cfg_k16,cfg_k16,P9-A OFAT,p9rb_48fc8bf84a72deda9c916f11,/mnt/hdd002/dhnyu/fusedata/runtime/p9_v2_training_runs/d59cfaa0c703d335ce14f76e76381a2c89c22f7d202271c25dee7625c91a5b1e/checkpoints/p9ck_4301ef426bcc5b4b9135320f/checkpoint.pt,252fd12fca2d4f5902a85ea2e9fc4603975defdf70ee0359b2ba87e41fc67843,p9authv2_1211e34ea422dbbf706770d2,p9runv2_7f99d72f96bf3a5bdbb19930,p9runv2_7f99d72f96bf3a5bdbb19930,p9rb_48fc8bf84a72deda9c916f11,p9accv2_039dec13e82ccb86f4cee20e,p9ck_feb73bf6ab7c8bf0ab4d1dfa,/mnt/hdd002/dhnyu/fusedata/runtime/p9_v2_training_runs/d59cfaa0c703d335ce14f76e76381a2c89c22f7d202271c25dee7625c91a5b1e/checkpoints/p9ck_feb73bf6ab7c8bf0ab4d1dfa/checkpoint.pt,4ec08be21f0d8ebe23eefc68e755737a7d30313a863fd258729c9e9b5b6536ae,95,7220,110,8360,EARLY_STOPPING_PATIENCE,p9ck_4301ef426bcc5b4b9135320f,False,P10_NOT_EVALUATED,"{""attention_heads"":4,""checkpoint_selector"":""validation_retrieval_loss_margin_1e-4_earlier_epoch"",""d"":64,""d_c"":64,""d_r"":32,""d_t"":16,""dropout"":0.2,""effective_k"":16,""ema"":0.999,""ffn_dimension"":128,""ffn_multiplier"":2,""intensity"":""main_1.0x"",""lambda_ip"":1,""optimizer"":""AdamW"",""peak_learning_rate"":0.001,""per_head_dimension"":16,""scheduler"":""linear_warmup_then_cosine_zero"",""validation_interval_epochs"":5,""validation_patience_events"":4}",4,validation_retrieval_loss_margin_1e-4_earlier_epoch,64,64,32,16,0.2,16,0.999,128,2,main_1.0x,1.0,AdamW,0.001,16,linear_warmup_then_cosine_zero,5,4,FM architecture; OFAT K,K,{},22,8360,2026-09-01T11:08:17.650813Z,2026-09-01T12:42:54.226480Z,5676.575667,RUN_STARTED_TO_TRAINING_COMPLETED_INCLUDES_VALIDATION,NA_NOT_RECORDED,True,0.0005863171764236428,1.2105791004080522,1.1921286786857404,NA_NOT_RECORDED,NA_NOT_RECORDED,1.6900945603847504,8192.0,3407.157894736842,NA_NOT_RECORDED,0.00046277743154056353,1.153023633517717,1.1348121589735936,NA_NOT_RECORDED,NA_NOT_RECORDED,1.5132801815083152,8192.0,3932.6315789473683,NA_NOT_RECORDED,0.37728267908096313,0.2881452441215515,1.0,1.0,1.0,1.0,800,400,0.3813594579696655,0.2867095470428467,1.0,1.0,1.0,1.0,800,400,95,PASS,0.37728267908096313,P10_NOT_EVALUATED,NA_NOT_RECORDED,NA_NOT_RECORDED,NA_NOT_RECORDED,NA_NOT_RECORDED
cfg_intensity_05,cfg_intensity_05,P9-A OFAT,p9rb_74b1ade8f71044b83ff4ca3b,/mnt/hdd002/dhnyu/fusedata/runtime/p9_v2_training_runs/886c947c5689e9a562c88832693907ca0f686ff301eb1d1c5a2c127a97bbd94a/checkpoints/p9ck_dc8d3a391e261a550a4141a9/checkpoint.pt,37d8a9cdefdbc1d28925c4b8fcac04be7a29f25ed505aa44f62973b2a21a2d9d,p9authv2_c86c42d341c6d3f7d651bc15,p9runv2_32e0c8be36a881b20384abd0,p9runv2_32e0c8be36a881b20384abd0,p9rb_74b1ade8f71044b83ff4ca3b,p9accv2_9cf610131a5a18c55e1ecfd7,p9ck_a5c91b47650941ce260bdf76,/mnt/hdd002/dhnyu/fusedata/runtime/p9_v2_training_runs/886c947c5689e9a562c88832693907ca0f686ff301eb1d1c5a2c127a97bbd94a/checkpoints/p9ck_a5c91b47650941ce260bdf76/checkpoint.pt,add391a108472ab0c9146610f966ba14af0c84a0610ed30fb5485a134d8794f3,160,12160,180,13680,EARLY_STOPPING_PATIENCE,p9ck_dc8d3a391e261a550a4141a9,False,P10_NOT_EVALUATED,"{""attention_heads"":4,""checkpoint_selector"":""validation_retrieval_loss_margin_1e-4_earlier_epoch"",""d"":64,""d_c"":64,""d_r"":32,""d_t"":16,""dropout"":0.2,""effective_k"":8,""ema"":0.999,""ffn_dimension"":128,""ffn_multiplier"":2,""intensity"":""weak_0.5x"",""lambda_ip"":1,""optimizer"":""AdamW"",""peak_learning_rate"":0.001,""per_head_dimension"":16,""scheduler"":""linear_warmup_then_cosine_zero"",""validation_interval_epochs"":5,""validation_patience_events"":4}",4,validation_retrieval_loss_margin_1e-4_earlier_epoch,64,64,32,16,0.2,8,0.999,128,2,weak_0.5x,1.0,AdamW,0.001,16,linear_warmup_then_cosine_zero,5,4,FM architecture; OFAT intensity,intensity,{},36,13680,2026-09-02T02:26:48.022981Z,2026-09-02T05:05:51.027053Z,9543.004072,RUN_STARTED_TO_TRAINING_COMPLETED_INCLUDES_VALIDATION,NA_NOT_RECORDED,True,0.00010795286259009668,1.0291296251510318,1.0110549220913334,0.018074701393121166,0.018074701393121166,1.2399957587844448,8192.0,5684.210526315789,NA_NOT_RECORDED,2.843701560165193e-05,1.0067437847978191,0.9888835110162434,0.01786027435752514,0.01786027435752514,1.1848284374726445,8192.0,4768.0,NA_NOT_RECORDED,0.3233415484428406,0.29997518658638,1.0,1.0,1.0,1.0,800,400,0.32445228099823,0.3007258176803589,1.0,1.0,1.0,1.0,800,400,160,PASS,0.3233415484428406,P10_NOT_EVALUATED,NA_NOT_RECORDED,NA_NOT_RECORDED,NA_NOT_RECORDED,NA_NOT_RECORDED
cfg_intensity_20,cfg_intensity_20,P9-A OFAT,p9rb_98d7dfd4363d9d2cb2c63090,/mnt/hdd002/dhnyu/fusedata/runtime/p9_v2_training_runs/1bcd5490b2171c74aa8a35850fadada2bba75a3caea6c30ad0e9bcc001cd580d/checkpoints/p9ck_149671672dd671b8aef8b20b/checkpoint.pt,a267cc12a7f61701d232b6db65c17e7844c1af76e5af6d65c036c5c1a44b440c,p9authv2_95fc5f17918b033297e31fe8,p9runv2_9691a86bfe660903d18de9d5,p9runv2_9691a86bfe660903d18de9d5,p9rb_98d7dfd4363d9d2cb2c63090,p9accv2_8eb8718344da89701b156a90,p9ck_c5877cfd5fa2e028c0154c9a,/mnt/hdd002/dhnyu/fusedata/runtime/p9_v2_training_runs/1bcd5490b2171c74aa8a35850fadada2bba75a3caea6c30ad0e9bcc001cd580d/checkpoints/p9ck_c5877cfd5fa2e028c0154c9a/checkpoint.pt,622ec9b5f080d3cbf4f12e6c1130ffe04eef0652ed93cdd8edc5687ba7575bf9,140,10640,160,12160,EARLY_STOPPING_PATIENCE,p9ck_149671672dd671b8aef8b20b,False,P10_NOT_EVALUATED,"{""attention_heads"":4,""checkpoint_selector"":""validation_retrieval_loss_margin_1e-4_earlier_epoch"",""d"":64,""d_c"":64,""d_r"":32,""d_t"":16,""dropout"":0.2,""effective_k"":8,""ema"":0.999,""ffn_dimension"":128,""ffn_multiplier"":2,""intensity"":""strong_2.0x"",""lambda_ip"":1,""optimizer"":""AdamW"",""peak_learning_rate"":0.001,""per_head_dimension"":16,""scheduler"":""linear_warmup_then_cosine_zero"",""validation_interval_epochs"":5,""validation_patience_events"":4}",4,validation_retrieval_loss_margin_1e-4_earlier_epoch,64,64,32,16,0.2,8,0.999,128,2,strong_2.0x,1.0,AdamW,0.001,16,linear_warmup_then_cosine_zero,5,4,FM architecture; OFAT intensity,intensity,{},32,12160,2026-09-02T05:06:19.499232Z,2026-09-02T07:18:03.696289Z,7904.197057,RUN_STARTED_TO_TRAINING_COMPLETED_INCLUDES_VALIDATION,NA_NOT_RECORDED,True,0.00022995310015501912,1.1162892548661483,1.0999021153700979,0.016387139826914983,0.016387139826914983,1.4375870839545601,8192.0,4983.578947368421,NA_NOT_RECORDED,0.00010795286259009668,1.0769624804195606,1.0602826836862063,0.01667979398840352,0.01667979398840352,1.3631823721684908,8192.0,5684.210526315789,NA_NOT_RECORDED,0.3833094537258148,0.28409796953201294,1.0,1.0,1.0,1.0,800,400,0.3908097445964813,0.2841735780239105,1.0,1.0,1.0,1.0,800,400,140,PASS,0.3833094537258148,P10_NOT_EVALUATED,NA_NOT_RECORDED,NA_NOT_RECORDED,NA_NOT_RECORDED,NA_NOT_RECORDED
cfg_ema990,cfg_ema_990,P9-A OFAT,p9rb_4164611ae6b89c5dde09f9aa,/mnt/hdd002/dhnyu/fusedata/runtime/p9_v2_training_runs/97baf5ef91a8f02d92a9131a7b163c82702514bd5c970da82a018eccdd3284c1/checkpoints/p9ck_bca8ef1c0318d0a8378d746b/checkpoint.pt,8501d3db34b0a6b2cc3e5bae7086788c863a683bfb0ba1642fe4d50906a7f749,p9authv2_42e5141333b604aa62eb8603,p9runv2_925cb75693059c854c74fdc1,p9runv2_925cb75693059c854c74fdc1,p9rb_4164611ae6b89c5dde09f9aa,p9accv2_0a6fc8990ef1b1a67ba75358,p9ck_b2c40f9a1f6ea34788134cb7,/mnt/hdd002/dhnyu/fusedata/runtime/p9_v2_training_runs/97baf5ef91a8f02d92a9131a7b163c82702514bd5c970da82a018eccdd3284c1/checkpoints/p9ck_b2c40f9a1f6ea34788134cb7/checkpoint.pt,bce38795edc923bd8e93e7bd373e7421bf7c47efcb9b956fe672a4fd6bfcc029,50,3800,70,5320,EARLY_STOPPING_PATIENCE,p9ck_bca8ef1c0318d0a8378d746b,False,P10_NOT_EVALUATED,"{""attention_heads"":4,""checkpoint_selector"":""validation_retrieval_loss_margin_1e-4_earlier_epoch"",""d"":64,""d_c"":64,""d_r"":32,""d_t"":16,""dropout"":0.2,""effective_k"":8,""ema"":0.99,""ffn_dimension"":128,""ffn_multiplier"":2,""intensity"":""main_1.0x"",""lambda_ip"":1,""optimizer"":""AdamW"",""peak_learning_rate"":0.001,""per_head_dimension"":16,""scheduler"":""linear_warmup_then_cosine_zero"",""validation_interval_epochs"":5,""validation_patience_events"":4}",4,validation_retrieval_loss_margin_1e-4_earlier_epoch,64,64,32,16,0.2,8,0.99,128,2,main_1.0x,1.0,AdamW,0.001,16,linear_warmup_then_cosine_zero,5,4,FM architecture; OFAT EMA,EMA,{},14,5320,2026-09-02T07:18:30.965918Z,2026-09-02T08:18:46.329564Z,3615.363646,RUN_STARTED_TO_TRAINING_COMPLETED_INCLUDES_VALIDATION,NA_NOT_RECORDED,True,0.0008970581210383108,1.1545215029465525,1.1333912344355332,0.02113026392793185,0.02113026392793185,2.022001835860704,8192.0,3232.0,NA_NOT_RECORDED,0.0007768768260743728,1.1326902618533687,1.1124233023116463,0.0202669542846515,0.0202669542846515,1.9833851911519702,8192.0,2531.3684210526317,NA_NOT_RECORDED,0.44892409443855286,0.25098907947540283,1.0,1.0,1.0,1.0,800,400,0.4547556936740875,0.25496014952659607,1.0,1.0,1.0,1.0,800,400,50,PASS,0.44892409443855286,P10_NOT_EVALUATED,NA_NOT_RECORDED,NA_NOT_RECORDED,NA_NOT_RECORDED,NA_NOT_RECORDED
cfg_ip0,cfg_ip_0,P9-A OFAT,p9rb_9cbbcb12089117364ad80b08,/mnt/hdd002/dhnyu/fusedata/runtime/p9_v2_training_runs/a7f39e0dafcd72d2d047da2c8dd1c97d29de1d6cd035c6ef1a50d3ad4793691c/checkpoints/p9ck_fc9cad333f11310b03a1c477/checkpoint.pt,2989b02bbc14aace982f276ac9e1470d08cb48f01679c1390bd6403cb1039614,p9authv2_68ccb09ed4507f14d596e194,p9runv2_aca11ec5e122b31e220f7414,p9runv2_aca11ec5e122b31e220f7414,p9rb_9cbbcb12089117364ad80b08,p9accv2_b7351959991cdb537163eec8,p9ck_4320508baca7ed3c7ebd52b8,/mnt/hdd002/dhnyu/fusedata/runtime/p9_v2_training_runs/a7f39e0dafcd72d2d047da2c8dd1c97d29de1d6cd035c6ef1a50d3ad4793691c/checkpoints/p9ck_4320508baca7ed3c7ebd52b8/checkpoint.pt,6de93e87dc14397134713eeab9c5af755e3fa6b9131fef34f26d09714d8ca24d,115,8740,135,10260,EARLY_STOPPING_PATIENCE,p9ck_fc9cad333f11310b03a1c477,False,P10_NOT_EVALUATED,"{""attention_heads"":4,""checkpoint_selector"":""validation_retrieval_loss_margin_1e-4_earlier_epoch"",""d"":64,""d_c"":64,""d_r"":32,""d_t"":16,""dropout"":0.2,""effective_k"":8,""ema"":0.999,""ffn_dimension"":128,""ffn_multiplier"":2,""intensity"":""main_1.0x"",""lambda_ip"":0,""optimizer"":""AdamW"",""peak_learning_rate"":0.001,""per_head_dimension"":16,""scheduler"":""linear_warmup_then_cosine_zero"",""validation_interval_epochs"":5,""validation_patience_events"":4}",4,validation_retrieval_loss_margin_1e-4_earlier_epoch,64,64,32,16,0.2,8,0.999,128,2,main_1.0x,0.0,AdamW,0.001,16,linear_warmup_then_cosine_zero,5,4,FM architecture; OFAT lambda_IP,lambda_IP,{},27,10260,2026-09-02T08:19:08.157323Z,2026-09-02T10:14:49.348411Z,6941.191088,RUN_STARTED_TO_TRAINING_COMPLETED_INCLUDES_VALIDATION,NA_NOT_RECORDED,True,0.0004217299385919385,1.1330237968971855,1.1330237968971855,1.3544739759282063,0.0,1.4710378756648617,8192.0,4107.789473684211,NA_NOT_RECORDED,0.00026562447639893327,1.0648322811252193,1.0648322811252193,1.3521523522703272,0.0,1.3360333568171452,8192.0,4808.421052631579,NA_NOT_RECORDED,0.3672296404838562,0.2956995964050293,1.0,1.0,1.0,1.0,800,400,0.3763515055179596,0.296441912651062,1.0,1.0,1.0,1.0,800,400,115,PASS,0.3672296404838562,P10_NOT_EVALUATED,NA_NOT_RECORDED,NA_NOT_RECORDED,NA_NOT_RECORDED,NA_NOT_RECORDED
cfg_lr2,cfg_lr_2,P9-A OFAT,p9rb_7e52cf8561b1f7e6ce7b24e0,/mnt/hdd002/dhnyu/fusedata/runtime/p9_v2_training_runs/ed26e19bb87a2280c0196099fe26fdd7c5350dc0363f56cddf6484f33092a029/checkpoints/p9ck_8274cfa3517429eb980590cb/checkpoint.pt,530e8eb39548e67d9df5a65b64c8bc004fd317edf5e40cf3ccc4344dbfd8ee1d,p9authv2_865f08312151d3117f7977bd,p9runv2_33e4444c800cb8e1cd95fab2,p9runv2_33e4444c800cb8e1cd95fab2,p9rb_7e52cf8561b1f7e6ce7b24e0,p9accv2_6bd7e6e70b3c3bedec4f79b4,p9ck_eeb57924381792bdf99eb31c,/mnt/hdd002/dhnyu/fusedata/runtime/p9_v2_training_runs/ed26e19bb87a2280c0196099fe26fdd7c5350dc0363f56cddf6484f33092a029/checkpoints/p9ck_eeb57924381792bdf99eb31c/checkpoint.pt,08fb4a7f26c717d3337bb8429e9909f994007de8cc929d6cfb6b99ebd9a972dd,105,7980,125,9500,EARLY_STOPPING_PATIENCE,p9ck_8274cfa3517429eb980590cb,False,P10_NOT_EVALUATED,"{""attention_heads"":4,""checkpoint_selector"":""validation_retrieval_loss_margin_1e-4_earlier_epoch"",""d"":64,""d_c"":64,""d_r"":32,""d_t"":16,""dropout"":0.2,""effective_k"":8,""ema"":0.999,""ffn_dimension"":128,""ffn_multiplier"":2,""intensity"":""main_1.0x"",""lambda_ip"":1,""optimizer"":""AdamW"",""peak_learning_rate"":0.002,""per_head_dimension"":16,""scheduler"":""linear_warmup_then_cosine_zero"",""validation_interval_epochs"":5,""validation_patience_events"":4}",4,validation_retrieval_loss_margin_1e-4_earlier_epoch,64,64,32,16,0.2,8,0.999,128,2,main_1.0x,1.0,AdamW,0.002,16,linear_warmup_then_cosine_zero,5,4,FM architecture; OFAT peak_LR,peak_LR,{},25,9500,2026-09-02T10:15:15.742781Z,2026-09-02T12:02:30.089776Z,6434.346995,RUN_STARTED_TO_TRAINING_COMPLETED_INCLUDES_VALIDATION,NA_NOT_RECORDED,True,0.0010081583847499091,1.143280764943675,1.1265333608577126,0.016747400667028206,0.016747400667028206,0.9821237537421679,8192.0,3757.4736842105262,NA_NOT_RECORDED,0.0006830313760986242,1.0799246359812587,1.0633543941535448,0.016570241938002016,0.016570241938002016,0.8432435785469256,8192.0,4458.105263157895,NA_NOT_RECORDED,0.34323927760124207,0.28893789649009705,1.0,1.0,1.0,1.0,800,400,0.3438609838485718,0.28973639011383057,1.0,1.0,1.0,1.0,800,400,105,PASS,0.34323927760124207,P10_NOT_EVALUATED,NA_NOT_RECORDED,NA_NOT_RECORDED,NA_NOT_RECORDED,NA_NOT_RECORDED
cfg_lr3,cfg_lr_3,P9-A OFAT,p9rb_b4575e483cb8a81be83ec67d,/mnt/hdd002/dhnyu/fusedata/runtime/p9_v2_training_runs/f8692994d44e98e1c9d4ba9391469886597f14cd6b59220828615842a95383e5/checkpoints/p9ck_8ce9e1582cfa46bcf2c372f3/checkpoint.pt,eece4eae89d388591ef7b245991aa01f8261f977c270cce33cdb46c85b804e08,p9authv2_d98b0cdeabf70eb1b533efb9,p9runv2_561f8a00aef0b3d480e7f752,p9runv2_561f8a00aef0b3d480e7f752,p9rb_b4575e483cb8a81be83ec67d,p9accv2_1c42f030d852fa1a76722198,p9ck_c261a142002c18c898a77e6b,/mnt/hdd002/dhnyu/fusedata/runtime/p9_v2_training_runs/f8692994d44e98e1c9d4ba9391469886597f14cd6b59220828615842a95383e5/checkpoints/p9ck_c261a142002c18c898a77e6b/checkpoint.pt,225d91db3f86594d24b152d2dcdc07c17d9d5a45faf1164c36f987c3b4a2394e,110,8360,130,9880,EARLY_STOPPING_PATIENCE,p9ck_8ce9e1582cfa46bcf2c372f3,False,P10_NOT_EVALUATED,"{""attention_heads"":4,""checkpoint_selector"":""validation_retrieval_loss_margin_1e-4_earlier_epoch"",""d"":64,""d_c"":64,""d_r"":32,""d_t"":16,""dropout"":0.2,""effective_k"":8,""ema"":0.999,""ffn_dimension"":128,""ffn_multiplier"":2,""intensity"":""main_1.0x"",""lambda_ip"":1,""optimizer"":""AdamW"",""peak_learning_rate"":0.003,""per_head_dimension"":16,""scheduler"":""linear_warmup_then_cosine_zero"",""validation_interval_epochs"":5,""validation_patience_events"":4}",4,validation_retrieval_loss_margin_1e-4_earlier_epoch,64,64,32,16,0.2,8,0.999,128,2,main_1.0x,1.0,AdamW,0.003,16,linear_warmup_then_cosine_zero,5,4,FM architecture; OFAT peak_LR,peak_LR,{},26,9880,2026-09-02T12:02:53.916622Z,2026-09-02T13:56:56.296088Z,6842.379466,RUN_STARTED_TO_TRAINING_COMPLETED_INCLUDES_VALIDATION,NA_NOT_RECORDED,True,0.001388332294621691,1.1204845889618522,1.1036431742341895,0.01684141281600061,0.01684141281600061,0.8073622192207136,8192.0,3932.6315789473683,NA_NOT_RECORDED,0.0009086906253680911,1.0759202963427494,1.0601036917222173,0.015816609240382126,0.015816609240382126,0.7178470413935812,8192.0,4633.263157894737,NA_NOT_RECORDED,0.33180198073387146,0.28939583897590637,1.0,1.0,1.0,1.0,800,400,0.34263846278190613,0.2889673113822937,1.0,1.0,1.0,1.0,800,400,110,PASS,0.33180198073387146,P10_NOT_EVALUATED,NA_NOT_RECORDED,NA_NOT_RECORDED,NA_NOT_RECORDED,NA_NOT_RECORDED
cfg_lr10,cfg_lr_10,P9-A OFAT,p9rb_87e7040ddf34b919cd9d944a,/mnt/hdd002/dhnyu/fusedata/runtime/p9_v2_training_runs/02713f6546580c2a62c0913ccbca173eb54737d043db43130bb04633d3bc527c/checkpoints/p9ck_2f6525759cc05485774e0c23/checkpoint.pt,b29859f14d122a58fc7a57e9f4f7872975a5da00d2abbad764dd07046439c7bd,p9authv2_df020f2fdacb3b4ffa0bab4e,p9runv2_aae99423db37bba163ba1ea2,p9runv2_aae99423db37bba163ba1ea2,p9rb_87e7040ddf34b919cd9d944a,p9accv2_e1f12dc82f991b6cbe3bb818,p9ck_0a031fbdfb82362c105d8d7b,/mnt/hdd002/dhnyu/fusedata/runtime/p9_v2_training_runs/02713f6546580c2a62c0913ccbca173eb54737d043db43130bb04633d3bc527c/checkpoints/p9ck_0a031fbdfb82362c105d8d7b/checkpoint.pt,453bbd90e64216e10b00f3e8b6cdc4c6cea6767564713dd4d5f773b3e905372d,35,2660,55,4180,EARLY_STOPPING_PATIENCE,p9ck_2f6525759cc05485774e0c23,False,P10_NOT_EVALUATED,"{""attention_heads"":4,""checkpoint_selector"":""validation_retrieval_loss_margin_1e-4_earlier_epoch"",""d"":64,""d_c"":64,""d_r"":32,""d_t"":16,""dropout"":0.2,""effective_k"":8,""ema"":0.999,""ffn_dimension"":128,""ffn_multiplier"":2,""intensity"":""main_1.0x"",""lambda_ip"":1,""optimizer"":""AdamW"",""peak_learning_rate"":0.01,""per_head_dimension"":16,""scheduler"":""linear_warmup_then_cosine_zero"",""validation_interval_epochs"":5,""validation_patience_events"":4}",4,validation_retrieval_loss_margin_1e-4_earlier_epoch,64,64,32,16,0.2,8,0.999,128,2,main_1.0x,1.0,AdamW,0.01,16,linear_warmup_then_cosine_zero,5,4,FM architecture; OFAT peak_LR,peak_LR,{},11,4180,2026-09-02T13:57:26.056530Z,2026-09-02T14:44:50.358204Z,2844.301674,RUN_STARTED_TO_TRAINING_COMPLETED_INCLUDES_VALIDATION,NA_NOT_RECORDED,True,0.009595048024194246,2.0641196621091744,2.0320324411517694,0.03208723088334266,0.03208723088334266,0.8696488134170833,8192.0,4000.0,NA_NOT_RECORDED,0.008706082847462904,1.7553819919887341,1.7276842923540818,0.027697687625492875,0.027697687625492875,0.8754899744924746,8192.0,2976.0,NA_NOT_RECORDED,0.5059423446655273,0.22914573550224304,1.0,1.0,1.0,1.0,800,400,0.5166483521461487,0.2312564104795456,1.0,1.0,1.0,1.0,800,400,35,PASS,0.5059423446655273,P10_NOT_EVALUATED,NA_NOT_RECORDED,NA_NOT_RECORDED,NA_NOT_RECORDED,NA_NOT_RECORDED
